experiment,scenario_id,profile,suite,setup_name,stay_mode,mode,data_source,status,n_attractions,wall_time_ms,peak_memory_mb,expanded_nodes,generated_nodes,pruned_by_best_g,visits_count,total_stay_minutes,stay_utilization,total_walk_distance_m,objective_cost,bf_objective,optimality_gap,heuristic_speedup,feasibility_correctness,end_time,seed,error,timestamp_utc
astar_intervals,heuristic_ablation_baseline_relaxed_n6_s0,relaxed,heuristic_ablation,baseline,intervals_15_min,fixture,fixture_synthetic,ok,6,1.2008459998469334,0.044852256774902344,8.0,54.0,0.0,5.0,225.0,1.0,10487.384595224483,10487.384595224483,,,3.717603256829693,,1320.0,1600,,2026-05-24T10:51:31.462110+00:00
astar_intervals_no_heuristic,heuristic_ablation_baseline_relaxed_n6_s0,relaxed,heuristic_ablation,baseline,intervals_15_min,fixture,fixture_synthetic,ok,6,4.4642689999818685,0.17070674896240234,64.0,336.0,0.0,5.0,225.0,1.0,10487.384595224483,10487.384595224483,,,3.717603256829693,,1320.0,1600,,2026-05-24T10:51:31.942435+00:00
astar_intervals,heuristic_ablation_baseline_relaxed_n6_s1,relaxed,heuristic_ablation,baseline,intervals_15_min,fixture,fixture_synthetic,ok,6,0.8512320000590989,0.035521507263183594,6.0,36.0,0.0,5.0,225.0,1.0,6109.955225169889,6109.955225169889,,,1.8052164391970804,,1320.0,1601,,2026-05-24T10:51:32.419197+00:00
astar_intervals_no_heuristic,heuristic_ablation_baseline_relaxed_n6_s1,relaxed,heuristic_ablation,baseline,intervals_15_min,fixture,fixture_synthetic,ok,6,1.5366580000772956,0.0698995590209961,15.0,111.0,0.0,5.0,225.0,1.0,6109.955225169889,6109.955225169889,,,1.8052164391970804,,1320.0,1601,,2026-05-24T10:51:32.915310+00:00
astar_intervals,heuristic_ablation_baseline_relaxed_n6_s2,relaxed,heuristic_ablation,baseline,intervals_15_min,fixture,fixture_synthetic,ok,6,1.9000719998985005,0.0631551742553711,13.0,90.0,0.0,5.0,224.99999999999994,0.9999999999999998,13842.44592921396,13842.44592921453,,,1.6867371342067605,,1320.0,1602,,2026-05-24T10:51:33.439846+00:00
astar_intervals_no_heuristic,heuristic_ablation_baseline_relaxed_n6_s2,relaxed,heuristic_ablation,baseline,intervals_15_min,fixture,fixture_synthetic,ok,6,3.204921999895305,0.1099538803100586,64.0,216.0,0.0,5.0,224.99999999999994,0.9999999999999998,13842.44592921396,13842.44592921453,,,1.6867371342067605,,1320.0,1602,,2026-05-24T10:51:33.962732+00:00
astar_intervals,heuristic_ablation_baseline_relaxed_n6_s3,relaxed,heuristic_ablation,baseline,intervals_15_min,fixture,fixture_synthetic,ok,6,1.2111460000596708,0.044638633728027344,7.0,54.0,0.0,5.0,225.0,1.0,10195.852259057643,10195.852259057643,,,5.455206060535564,,1320.0,1603,,2026-05-24T10:51:34.456634+00:00
astar_intervals_no_heuristic,heuristic_ablation_baseline_relaxed_n6_s3,relaxed,heuristic_ablation,baseline,intervals_15_min,fixture,fixture_synthetic,ok,6,6.607050999718922,0.25719547271728516,96.0,507.0,0.0,5.0,225.0,1.0,10195.852259057643,10195.852259057643,,,5.455206060535564,,1320.0,1603,,2026-05-24T10:51:34.948054+00:00
astar_intervals,heuristic_ablation_baseline_relaxed_n6_s4,relaxed,heuristic_ablation,baseline,intervals_15_min,fixture,fixture_synthetic,ok,6,0.9980380000342848,0.041014671325683594,7.0,48.0,0.0,5.0,225.0,1.0,9158.086851698165,9158.086851698165,,,5.237675318773456,,1320.0,1604,,2026-05-24T10:51:35.452323+00:00
astar_intervals_no_heuristic,heuristic_ablation_baseline_relaxed_n6_s4,relaxed,heuristic_ablation,baseline,intervals_15_min,fixture,fixture_synthetic,ok,6,5.227398999977595,0.20972728729248047,59.0,393.0,0.0,5.0,225.0,1.0,9158.086851698165,9158.086851698165,,,5.237675318773456,,1320.0,1604,,2026-05-24T10:51:35.962990+00:00
astar_intervals,heuristic_ablation_baseline_relaxed_n6_s5,relaxed,heuristic_ablation,baseline,intervals_15_min,fixture,fixture_synthetic,ok,6,2.6131989998248173,0.08335018157958984,17.0,135.0,0.0,5.0,225.00000000000006,1.0000000000000002,12022.517538356984,12022.517538356416,,,2.3548279332503275,,1320.0,1605,,2026-05-24T10:51:36.462467+00:00
astar_intervals_no_heuristic,heuristic_ablation_baseline_relaxed_n6_s5,relaxed,heuristic_ablation,baseline,intervals_15_min,fixture,fixture_synthetic,ok,6,6.153633999929298,0.23733806610107422,85.0,462.0,0.0,5.0,225.00000000000006,1.0000000000000002,12022.517538356984,12022.517538356416,,,2.3548279332503275,,1320.0,1605,,2026-05-24T10:51:37.000376+00:00
astar_intervals,heuristic_ablation_baseline_relaxed_n6_s6,relaxed,heuristic_ablation,baseline,intervals_15_min,fixture,fixture_synthetic,ok,6,1.0467399997651228,0.040732383728027344,7.0,45.0,0.0,5.0,225.00000000000006,1.0000000000000002,8261.557676432843,8261.557676432276,,,3.0984045710911428,,1320.0,1606,,2026-05-24T10:51:37.520790+00:00
astar_intervals_no_heuristic,heuristic_ablation_baseline_relaxed_n6_s6,relaxed,heuristic_ablation,baseline,intervals_15_min,fixture,fixture_synthetic,ok,6,3.2432240000161983,0.1256399154663086,43.0,234.0,0.0,5.0,225.00000000000006,1.0000000000000002,8261.557676432843,8261.557676432276,,,3.0984045710911428,,1320.0,1606,,2026-05-24T10:51:38.053934+00:00
astar_intervals,heuristic_ablation_baseline_relaxed_n6_s7,relaxed,heuristic_ablation,baseline,intervals_15_min,fixture,fixture_synthetic,ok,6,1.1652440002762887,0.039793968200683594,8.0,45.0,0.0,5.0,224.99999999999994,0.9999999999999998,11467.310855570126,11467.310855570693,,,1.8407998660926552,,1320.0,1607,,2026-05-24T10:51:38.540897+00:00
astar_intervals_no_heuristic,heuristic_ablation_baseline_relaxed_n6_s7,relaxed,heuristic_ablation,baseline,intervals_15_min,fixture,fixture_synthetic,ok,6,2.1449809996738622,0.08554744720458984,32.0,153.0,0.0,5.0,224.99999999999994,0.9999999999999998,11467.310855570126,11467.310855570693,,,1.8407998660926552,,1320.0,1607,,2026-05-24T10:51:39.055051+00:00
astar_intervals,heuristic_ablation_baseline_relaxed_n6_s8,relaxed,heuristic_ablation,baseline,intervals_15_min,fixture,fixture_synthetic,ok,6,2.113580999775877,0.07138729095458984,14.0,108.0,0.0,5.0,224.99999999999994,0.9999999999999998,13861.593900436073,13861.593900436641,,,3.3320071483130858,,1320.0,1608,,2026-05-24T10:51:39.568428+00:00
astar_intervals_no_heuristic,heuristic_ablation_baseline_relaxed_n6_s8,relaxed,heuristic_ablation,baseline,intervals_15_min,fixture,fixture_synthetic,ok,6,7.042466999791941,0.26839542388916016,108.0,537.0,0.0,5.0,224.99999999999994,0.9999999999999998,13861.593900436073,13861.593900436641,,,3.3320071483130858,,1320.0,1608,,2026-05-24T10:51:40.056068+00:00
astar_intervals,heuristic_ablation_baseline_relaxed_n6_s9,relaxed,heuristic_ablation,baseline,intervals_15_min,fixture,fixture_synthetic,ok,6,0.9334360001957975,0.035719871520996094,6.0,36.0,0.0,5.0,225.0,1.0,5965.64752642925,5965.64752642925,,,2.1330610768413525,,1320.0,1609,,2026-05-24T10:51:40.565090+00:00
astar_intervals_no_heuristic,heuristic_ablation_baseline_relaxed_n6_s9,relaxed,heuristic_ablation,baseline,intervals_15_min,fixture,fixture_synthetic,ok,6,1.9910759997401328,0.08277034759521484,21.0,141.0,0.0,5.0,225.0,1.0,5965.64752642925,5965.64752642925,,,2.1330610768413525,,1320.0,1609,,2026-05-24T10:51:41.081160+00:00
astar_intervals,heuristic_ablation_baseline_relaxed_n6_s10,relaxed,heuristic_ablation,baseline,intervals_15_min,fixture,fixture_synthetic,ok,6,0.9593360000508255,0.039244651794433594,7.0,42.0,0.0,5.0,224.99999999999994,0.9999999999999998,9461.330907959806,9461.330907960375,,,2.9864500030610985,,1320.0,1610,,2026-05-24T10:51:41.592685+00:00
astar_intervals_no_heuristic,heuristic_ablation_baseline_relaxed_n6_s10,relaxed,heuristic_ablation,baseline,intervals_15_min,fixture,fixture_synthetic,ok,6,2.86500900028841,0.1109304428100586,43.0,204.0,0.0,5.0,224.99999999999994,0.9999999999999998,9461.330907959806,9461.330907960375,,,2.9864500030610985,,1320.0,1610,,2026-05-24T10:51:42.082970+00:00
astar_intervals,heuristic_ablation_baseline_relaxed_n6_s11,relaxed,heuristic_ablation,baseline,intervals_15_min,fixture,fixture_synthetic,ok,6,1.9103720001112379,0.06278133392333984,12.0,87.0,0.0,5.0,225.0,1.0,13262.617470666122,13262.617470666122,,,2.386379720643613,,1320.0,1611,,2026-05-24T10:51:42.592221+00:00
astar_intervals_no_heuristic,heuristic_ablation_baseline_relaxed_n6_s11,relaxed,heuristic_ablation,baseline,intervals_15_min,fixture,fixture_synthetic,ok,6,4.558872999950836,0.15366649627685547,69.0,306.0,0.0,5.0,225.0,1.0,13262.617470666122,13262.617470666122,,,2.386379720643613,,1320.0,1611,,2026-05-24T10:51:43.084292+00:00
astar_intervals,heuristic_ablation_baseline_tight_n6_s0,tight,heuristic_ablation,baseline,intervals_15_min,fixture,fixture_synthetic,ok,6,1.1745449996851676,0.029196739196777344,20.0,27.0,0.0,5.0,75.0,1.0,17011.84378575402,17011.84378575402,,,0.6830142736696866,,1320.0,1600,,2026-05-24T10:51:43.563178+00:00
astar_intervals_no_heuristic,heuristic_ablation_baseline_tight_n6_s0,tight,heuristic_ablation,baseline,intervals_15_min,fixture,fixture_synthetic,ok,6,0.8022309998523269,0.025618553161621094,29.0,28.0,0.0,5.0,75.0,1.0,17011.84378575402,17011.84378575402,,,0.6830142736696866,,1320.0,1600,,2026-05-24T10:51:44.071137+00:00
astar_intervals,heuristic_ablation_baseline_tight_n6_s1,tight,heuristic_ablation,baseline,intervals_15_min,fixture,fixture_synthetic,ok,6,1.0733409999374999,0.026305198669433594,20.0,22.0,0.0,5.0,75.0,1.0,13339.874984444692,13339.874984444692,,,0.6482813943684541,,1320.0,1601,,2026-05-24T10:51:44.577033+00:00
astar_intervals_no_heuristic,heuristic_ablation_baseline_tight_n6_s1,tight,heuristic_ablation,baseline,intervals_15_min,fixture,fixture_synthetic,ok,6,0.6958270000723132,0.023077964782714844,24.0,23.0,0.0,5.0,75.0,1.0,13339.874984444692,13339.874984444692,,,0.6482813943684541,,1320.0,1601,,2026-05-24T10:51:45.050561+00:00
astar_intervals,heuristic_ablation_baseline_tight_n6_s2,tight,heuristic_ablation,baseline,intervals_15_min,fixture,fixture_synthetic,ok,6,0.8943269999690528,0.026267051696777344,13.0,19.0,0.0,5.0,75.0,1.0,13842.44592921396,13842.44592921396,,,0.7306276112991162,,1320.0,1602,,2026-05-24T10:51:45.554272+00:00
astar_intervals_no_heuristic,heuristic_ablation_baseline_tight_n6_s2,tight,heuristic_ablation,baseline,intervals_15_min,fixture,fixture_synthetic,ok,6,0.6534199997076939,0.023154258728027344,22.0,21.0,0.0,5.0,75.0,1.0,13842.44592921396,13842.44592921396,,,0.7306276112991162,,1320.0,1602,,2026-05-24T10:51:46.098943+00:00
astar_intervals,heuristic_ablation_baseline_tight_n6_s3,tight,heuristic_ablation,baseline,intervals_15_min,fixture,fixture_synthetic,ok,6,1.4156440001897863,0.027113914489746094,30.0,30.0,0.0,5.0,75.0,1.0,17435.601110093514,17435.601110093514,,,0.6361966709572269,,1320.0,1603,,2026-05-24T10:51:46.595035+00:00
astar_intervals_no_heuristic,heuristic_ablation_baseline_tight_n6_s3,tight,heuristic_ablation,baseline,intervals_15_min,fixture,fixture_synthetic,ok,6,0.9006280001813138,0.024909019470214844,31.0,30.0,0.0,5.0,75.0,1.0,17435.601110093514,17435.601110093514,,,0.6361966709572269,,1320.0,1603,,2026-05-24T10:51:47.085336+00:00
astar_intervals,heuristic_ablation_baseline_tight_n6_s4,tight,heuristic_ablation,baseline,intervals_15_min,fixture,fixture_synthetic,ok,6,0.9115279999605264,0.026282310485839844,13.0,20.0,0.0,5.0,75.0,1.0,11107.457107505728,11107.457107505728,,,0.839055958631924,,1320.0,1604,,2026-05-24T10:51:47.571429+00:00
astar_intervals_no_heuristic,heuristic_ablation_baseline_tight_n6_s4,tight,heuristic_ablation,baseline,intervals_15_min,fixture,fixture_synthetic,ok,6,0.7648229998267198,0.024825096130371094,28.0,29.0,0.0,5.0,75.0,1.0,11107.457107505728,11107.457107505728,,,0.839055958631924,,1320.0,1604,,2026-05-24T10:51:48.062316+00:00
astar_intervals,heuristic_ablation_baseline_tight_n6_s5,tight,heuristic_ablation,baseline,intervals_15_min,fixture,fixture_synthetic,ok,6,1.1383350001779036,0.027235984802246094,23.0,26.0,0.0,5.0,75.0,1.0,16638.054212877396,16638.054212877396,,,0.6679264012728207,,1320.0,1605,,2026-05-24T10:51:48.569268+00:00
astar_intervals_no_heuristic,heuristic_ablation_baseline_tight_n6_s5,tight,heuristic_ablation,baseline,intervals_15_min,fixture,fixture_synthetic,ok,6,0.7603240001117229,0.024840354919433594,27.0,27.0,0.0,5.0,75.0,1.0,16638.054212877396,16638.054212877396,,,0.6679264012728207,,1320.0,1605,,2026-05-24T10:51:49.070078+00:00
astar_intervals,heuristic_ablation_baseline_tight_n6_s6,tight,heuristic_ablation,baseline,intervals_15_min,fixture,fixture_synthetic,ok,6,1.010631000099238,0.025298118591308594,21.0,21.0,0.0,5.0,75.0,1.0,15886.283979450398,15886.283979450398,,,1.1102321219542681,,1320.0,1606,,2026-05-24T10:51:49.583204+00:00
astar_intervals_no_heuristic,heuristic_ablation_baseline_tight_n6_s6,tight,heuristic_ablation,baseline,intervals_15_min,fixture,fixture_synthetic,ok,6,1.122034999752941,0.023009300231933594,22.0,22.0,0.0,5.0,75.0,1.0,15886.283979450398,15886.283979450398,,,1.1102321219542681,,1320.0,1606,,2026-05-24T10:51:50.062363+00:00
astar_intervals,heuristic_ablation_baseline_tight_n6_s7,tight,heuristic_ablation,baseline,intervals_15_min,fixture,fixture_synthetic,ok,6,0.7947240001158207,0.025244712829589844,14.0,16.0,0.0,5.0,75.0,1.0,14841.235589779815,14841.235589779815,,,0.7816789219274495,,1320.0,1607,,2026-05-24T10:51:50.629164+00:00
astar_intervals_no_heuristic,heuristic_ablation_baseline_tight_n6_s7,tight,heuristic_ablation,baseline,intervals_15_min,fixture,fixture_synthetic,ok,6,0.621218999640405,0.022391319274902344,19.0,19.0,0.0,5.0,75.0,1.0,14841.235589779815,14841.235589779815,,,0.7816789219274495,,1320.0,1607,,2026-05-24T10:51:51.145406+00:00
astar_intervals,heuristic_ablation_baseline_tight_n6_s8,tight,heuristic_ablation,baseline,intervals_15_min,fixture,fixture_synthetic,ok,6,1.270537999971566,0.027716636657714844,26.0,27.0,0.0,5.0,74.99999999999994,0.9999999999999992,19120.581607445285,19120.581607445853,,,0.6237704029374356,,1320.0,1608,,2026-05-24T10:51:51.692198+00:00
astar_intervals_no_heuristic,heuristic_ablation_baseline_tight_n6_s8,tight,heuristic_ablation,baseline,intervals_15_min,fixture,fixture_synthetic,ok,6,0.7925240001895872,0.024466514587402344,28.0,27.0,0.0,5.0,74.99999999999994,0.9999999999999992,19120.581607445285,19120.581607445853,,,0.6237704029374356,,1320.0,1608,,2026-05-24T10:51:52.175550+00:00
astar_intervals,heuristic_ablation_baseline_tight_n6_s9,tight,heuristic_ablation,baseline,intervals_15_min,fixture,fixture_synthetic,ok,6,0.9226279998983955,0.024886131286621094,19.0,18.0,0.0,5.0,75.0,1.0,12478.713570533702,12478.713570533702,,,0.6378757205892865,,1320.0,1609,,2026-05-24T10:51:52.695686+00:00
astar_intervals_no_heuristic,heuristic_ablation_baseline_tight_n6_s9,tight,heuristic_ablation,baseline,intervals_15_min,fixture,fixture_synthetic,ok,6,0.5885220002710412,0.022322654724121094,19.0,18.0,0.0,5.0,75.0,1.0,12478.713570533702,12478.713570533702,,,0.6378757205892865,,1320.0,1609,,2026-05-24T10:51:53.234740+00:00
astar_intervals,heuristic_ablation_baseline_tight_n6_s10,tight,heuristic_ablation,baseline,intervals_15_min,fixture,fixture_synthetic,ok,6,1.1817429999609885,0.027350425720214844,22.0,25.0,0.0,5.0,74.99999999999994,0.9999999999999992,18924.998078488574,18924.99807848914,,,0.6233394233564484,,1320.0,1610,,2026-05-24T10:51:53.720660+00:00
astar_intervals_no_heuristic,heuristic_ablation_baseline_tight_n6_s10,tight,heuristic_ablation,baseline,intervals_15_min,fixture,fixture_synthetic,ok,6,0.7366270001512021,0.023634910583496094,27.0,26.0,0.0,5.0,74.99999999999994,0.9999999999999992,18924.998078488574,18924.99807848914,,,0.6233394233564484,,1320.0,1610,,2026-05-24T10:51:54.293512+00:00
astar_intervals,heuristic_ablation_baseline_tight_n6_s11,tight,heuristic_ablation,baseline,intervals_15_min,fixture,fixture_synthetic,ok,6,0.9760359998836066,0.025671958923339844,15.0,19.0,0.0,5.0,74.99999999999994,0.9999999999999992,14835.256841074519,14835.256841075086,,,0.7315580573291345,,1320.0,1611,,2026-05-24T10:51:54.836636+00:00
astar_intervals_no_heuristic,heuristic_ablation_baseline_tight_n6_s11,tight,heuristic_ablation,baseline,intervals_15_min,fixture,fixture_synthetic,ok,6,0.7140269999581506,0.023291587829589844,25.0,24.0,0.0,5.0,74.99999999999994,0.9999999999999992,14835.256841074519,14835.256841075086,,,0.7315580573291345,,1320.0,1611,,2026-05-24T10:51:55.341288+00:00
astar_intervals,heuristic_ablation_baseline_relaxed_n9_s0,relaxed,heuristic_ablation,baseline,intervals_15_min,fixture,fixture_synthetic,ok,9,3.311422000024322,0.08786296844482422,11.0,129.0,0.0,8.0,360.0,1.0,9800.219418481152,9800.219418481152,,,35.022651899669846,,1320.0,1900,,2026-05-24T10:51:55.827258+00:00
astar_intervals_no_heuristic,heuristic_ablation_baseline_relaxed_n9_s0,relaxed,heuristic_ablation,baseline,intervals_15_min,fixture,fixture_synthetic,ok,9,115.97477999976036,3.9771041870117188,752.0,7335.0,0.0,8.0,360.0,1.0,9800.219418481152,9800.219418481152,,,35.022651899669846,,1320.0,1900,,2026-05-24T10:51:56.477685+00:00
astar_intervals,heuristic_ablation_baseline_relaxed_n9_s1,relaxed,heuristic_ablation,baseline,intervals_15_min,fixture,fixture_synthetic,ok,9,9.35554499983482,0.2609233856201172,42.0,450.0,0.0,8.0,360.0,1.0,12320.774736243882,12320.774736243882,,,23.765970342059585,,1320.0,1901,,2026-05-24T10:51:57.012954+00:00
astar_intervals_no_heuristic,heuristic_ablation_baseline_relaxed_n9_s1,relaxed,heuristic_ablation,baseline,intervals_15_min,fixture,fixture_synthetic,ok,9,222.34360499987815,6.458844184875488,1641.0,12060.0,0.0,8.0,360.0,1.0,12320.774736243882,12320.774736243882,,,23.765970342059585,,1320.0,1901,,2026-05-24T10:51:57.775996+00:00
astar_intervals,heuristic_ablation_baseline_relaxed_n9_s2,relaxed,heuristic_ablation,baseline,intervals_15_min,fixture,fixture_synthetic,ok,9,5.401799999617651,0.09069347381591797,11.0,135.0,0.0,8.0,360.0,1.0,9503.863078262486,9503.863078262486,,,25.804036434079947,,1320.0,1902,,2026-05-24T10:51:58.294637+00:00
astar_intervals_no_heuristic,heuristic_ablation_baseline_relaxed_n9_s2,relaxed,heuristic_ablation,baseline,intervals_15_min,fixture,fixture_synthetic,ok,9,139.38824399974692,4.297416687011719,735.0,8016.0,0.0,8.0,360.0,1.0,9503.863078262486,9503.863078262486,,,25.804036434079947,,1320.0,1902,,2026-05-24T10:51:58.952782+00:00
astar_intervals,heuristic_ablation_baseline_relaxed_n9_s3,relaxed,heuristic_ablation,baseline,intervals_15_min,fixture,fixture_synthetic,ok,9,7.917292000001908,0.22607994079589844,35.0,381.0,0.0,8.0,360.00000000000006,1.0000000000000002,11029.96655854989,11029.96655854932,,,15.809018917052803,,1320.0,1903,,2026-05-24T10:51:59.466619+00:00
astar_intervals_no_heuristic,heuristic_ablation_baseline_relaxed_n9_s3,relaxed,heuristic_ablation,baseline,intervals_15_min,fixture,fixture_synthetic,ok,9,125.16461899986098,4.126255989074707,1184.0,7836.0,0.0,8.0,360.00000000000006,1.0000000000000002,11029.96655854989,11029.96655854932,,,15.809018917052803,,1320.0,1903,,2026-05-24T10:52:00.133861+00:00
astar_intervals,heuristic_ablation_baseline_relaxed_n9_s4,relaxed,heuristic_ablation,baseline,intervals_15_min,fixture,fixture_synthetic,ok,9,4.549467999822809,0.12514019012451172,15.0,198.0,0.0,8.0,360.0,1.0,10619.809457604744,10619.809457604744,,,67.73073423353416,,1320.0,1904,,2026-05-24T10:52:00.641281+00:00
astar_intervals_no_heuristic,heuristic_ablation_baseline_relaxed_n9_s4,relaxed,heuristic_ablation,baseline,intervals_15_min,fixture,fixture_synthetic,ok,9,308.13880799996696,10.332383155822754,2204.0,19434.0,0.0,8.0,360.0,1.0,10619.809457604744,10619.809457604744,,,67.73073423353416,,1320.0,1904,,2026-05-24T10:52:01.487369+00:00
astar_intervals,heuristic_ablation_baseline_relaxed_n9_s5,relaxed,heuristic_ablation,baseline,intervals_15_min,fixture,fixture_synthetic,ok,9,15.243470000314119,0.4295310974121094,62.0,747.0,0.0,8.0,360.0,1.0,15352.973143027348,15352.973143027348,,,43.47836607976829,,1320.0,1905,,2026-05-24T10:52:02.025152+00:00
astar_intervals_no_heuristic,heuristic_ablation_baseline_relaxed_n9_s5,relaxed,heuristic_ablation,baseline,intervals_15_min,fixture,fixture_synthetic,ok,9,662.7611689996229,21.379292488098145,5240.0,40308.0,0.0,8.0,360.0,1.0,15352.973143027348,15352.973143027348,,,43.47836607976829,,1320.0,1905,,2026-05-24T10:52:03.309372+00:00
astar_intervals,heuristic_ablation_baseline_relaxed_n9_s6,relaxed,heuristic_ablation,baseline,intervals_15_min,fixture,fixture_synthetic,ok,9,30.18912800007456,0.8970470428466797,137.0,1593.0,0.0,8.0,359.99999999999994,0.9999999999999999,14498.709204920971,14498.709204921539,,,25.48482529863859,,1320.0,1906,,2026-05-24T10:52:03.871363+00:00
astar_intervals_no_heuristic,heuristic_ablation_baseline_relaxed_n9_s6,relaxed,heuristic_ablation,baseline,intervals_15_min,fixture,fixture_synthetic,ok,9,769.3646530001388,22.987061500549316,5259.0,43296.0,0.0,8.0,359.99999999999994,0.9999999999999999,14498.709204920971,14498.709204921539,,,25.48482529863859,,1320.0,1906,,2026-05-24T10:52:05.274407+00:00
astar_intervals,heuristic_ablation_baseline_relaxed_n9_s7,relaxed,heuristic_ablation,baseline,intervals_15_min,fixture,fixture_synthetic,ok,9,2.356087999942247,0.06875896453857422,9.0,87.0,0.0,8.0,360.00000000000006,1.0000000000000002,11421.94941887002,11421.949418869452,,,47.61371094904933,,1320.0,1907,,2026-05-24T10:52:05.784330+00:00
astar_intervals_no_heuristic,heuristic_ablation_baseline_relaxed_n9_s7,relaxed,heuristic_ablation,baseline,intervals_15_min,fixture,fixture_synthetic,ok,9,112.18209299977389,3.4778289794921875,710.0,6465.0,0.0,8.0,360.00000000000006,1.0000000000000002,11421.94941887002,11421.949418869452,,,47.61371094904933,,1320.0,1907,,2026-05-24T10:52:06.418912+00:00
astar_intervals,heuristic_ablation_baseline_relaxed_n9_s8,relaxed,heuristic_ablation,baseline,intervals_15_min,fixture,fixture_synthetic,ok,9,4.133155000090483,0.10325908660888672,17.0,159.0,0.0,8.0,360.0,1.0,15540.615290383346,15540.615290383346,,,53.02566441255446,,1320.0,1908,,2026-05-24T10:52:06.941701+00:00
astar_intervals_no_heuristic,heuristic_ablation_baseline_relaxed_n9_s8,relaxed,heuristic_ablation,baseline,intervals_15_min,fixture,fixture_synthetic,ok,9,219.16328999986945,6.430253028869629,1678.0,11889.0,0.0,8.0,360.0,1.0,15540.615290383346,15540.615290383346,,,53.02566441255446,,1320.0,1908,,2026-05-24T10:52:07.705315+00:00
astar_intervals,heuristic_ablation_baseline_relaxed_n9_s9,relaxed,heuristic_ablation,baseline,intervals_15_min,fixture,fixture_synthetic,ok,9,6.089928000164946,0.1675548553466797,24.0,282.0,0.0,8.0,360.0,1.0,15208.349344312017,15208.349344312017,,,102.0283461452075,,1320.0,1909,,2026-05-24T10:52:08.218012+00:00
astar_intervals_no_heuristic,heuristic_ablation_baseline_relaxed_n9_s9,relaxed,heuristic_ablation,baseline,intervals_15_min,fixture,fixture_synthetic,ok,9,621.3452820002203,19.018078804016113,4245.0,35466.0,0.0,8.0,360.0,1.0,15208.349344312017,15208.349344312017,,,102.0283461452075,,1320.0,1909,,2026-05-24T10:52:09.466896+00:00
astar_intervals,heuristic_ablation_baseline_relaxed_n9_s10,relaxed,heuristic_ablation,baseline,intervals_15_min,fixture,fixture_synthetic,ok,9,7.025860999874567,0.19013404846191406,27.0,330.0,0.0,8.0,359.99999999999994,0.9999999999999999,12088.919662830818,12088.919662831388,,,22.33318179834788,,1320.0,1910,,2026-05-24T10:52:09.997644+00:00
astar_intervals_no_heuristic,heuristic_ablation_baseline_relaxed_n9_s10,relaxed,heuristic_ablation,baseline,intervals_15_min,fixture,fixture_synthetic,ok,9,156.9098310001209,4.721726417541504,1317.0,9093.0,0.0,8.0,359.99999999999994,0.9999999999999999,12088.919662830818,12088.919662831388,,,22.33318179834788,,1320.0,1910,,2026-05-24T10:52:10.673636+00:00
astar_intervals,heuristic_ablation_baseline_relaxed_n9_s11,relaxed,heuristic_ablation,baseline,intervals_15_min,fixture,fixture_synthetic,ok,9,17.09993599979498,0.2698078155517578,35.0,468.0,0.0,8.0,360.00000000000006,1.0000000000000002,10519.999915768878,10519.999915768309,,,13.406899242334072,,1320.0,1911,,2026-05-24T10:52:11.186481+00:00
astar_intervals_no_heuristic,heuristic_ablation_baseline_relaxed_n9_s11,relaxed,heuristic_ablation,baseline,intervals_15_min,fixture,fixture_synthetic,ok,9,229.25711899961243,8.559609413146973,1771.0,15957.0,0.0,8.0,360.00000000000006,1.0000000000000002,10519.999915768878,10519.999915768309,,,13.406899242334072,,1320.0,1911,,2026-05-24T10:52:11.960294+00:00
astar_intervals,heuristic_ablation_baseline_tight_n9_s0,tight,heuristic_ablation,baseline,intervals_15_min,fixture,fixture_synthetic,ok,9,9.493452999777219,0.07512092590332031,136.0,167.0,0.0,8.0,120.0,1.0,18881.783628379115,18881.783628379115,,,0.5777038133754246,,1320.0,1900,,2026-05-24T10:52:12.476837+00:00
astar_intervals_no_heuristic,heuristic_ablation_baseline_tight_n9_s0,tight,heuristic_ablation,baseline,intervals_15_min,fixture,fixture_synthetic,ok,9,5.484404000071663,0.0738668441772461,188.0,187.0,0.0,8.0,120.0,1.0,18881.783628379115,18881.783628379115,,,0.5777038133754246,,1320.0,1900,,2026-05-24T10:52:13.022417+00:00
astar_intervals,heuristic_ablation_baseline_tight_n9_s1,tight,heuristic_ablation,baseline,intervals_15_min,fixture,fixture_synthetic,ok,9,8.895729999949253,0.06712150573730469,138.0,145.0,0.0,8.0,120.00000000000006,1.0000000000000004,23222.290566537755,23222.290566537187,,,0.48538579744608157,,1320.0,1901,,2026-05-24T10:52:13.577901+00:00
astar_intervals_no_heuristic,heuristic_ablation_baseline_tight_n9_s1,tight,heuristic_ablation,baseline,intervals_15_min,fixture,fixture_synthetic,ok,9,4.317860999890399,0.06110668182373047,148.0,147.0,0.0,8.0,120.00000000000006,1.0000000000000004,23222.290566537755,23222.290566537187,,,0.48538579744608157,,1320.0,1901,,2026-05-24T10:52:14.085156+00:00
astar_intervals,heuristic_ablation_baseline_tight_n9_s2,tight,heuristic_ablation,baseline,intervals_15_min,fixture,fixture_synthetic,ok,9,12.455962999865733,0.09917259216308594,234.0,243.0,0.0,8.0,120.0,1.0,26362.69153655957,26362.69153655957,,,0.5560434789303654,,1320.0,1902,,2026-05-24T10:52:14.600336+00:00
astar_intervals_no_heuristic,heuristic_ablation_baseline_tight_n9_s2,tight,heuristic_ablation,baseline,intervals_15_min,fixture,fixture_synthetic,ok,9,6.9260569998732535,0.09023475646972656,244.0,243.0,0.0,8.0,120.0,1.0,26362.69153655957,26362.69153655957,,,0.5560434789303654,,1320.0,1902,,2026-05-24T10:52:15.112160+00:00
astar_intervals,heuristic_ablation_baseline_tight_n9_s3,tight,heuristic_ablation,baseline,intervals_15_min,fixture,fixture_synthetic,ok,9,6.508940999992774,0.05441474914550781,98.0,105.0,0.0,8.0,120.0,1.0,22809.24419625635,22809.24419625635,,,0.5057538545506853,,1320.0,1903,,2026-05-24T10:52:15.615514+00:00
astar_intervals_no_heuristic,heuristic_ablation_baseline_tight_n9_s3,tight,heuristic_ablation,baseline,intervals_15_min,fixture,fixture_synthetic,ok,9,3.291921999789338,0.045386314392089844,111.0,110.0,0.0,8.0,120.0,1.0,22809.24419625635,22809.24419625635,,,0.5057538545506853,,1320.0,1903,,2026-05-24T10:52:16.141636+00:00
astar_intervals,heuristic_ablation_baseline_tight_n9_s4,tight,heuristic_ablation,baseline,intervals_15_min,fixture,fixture_synthetic,ok,9,9.680759999810107,0.07866859436035156,167.0,178.0,0.0,8.0,120.0,1.0,18186.343343907436,18186.343343907436,,,0.5641293658758444,,1320.0,1904,,2026-05-24T10:52:16.714203+00:00
astar_intervals_no_heuristic,heuristic_ablation_baseline_tight_n9_s4,tight,heuristic_ablation,baseline,intervals_15_min,fixture,fixture_synthetic,ok,9,5.461200999889115,0.07025432586669922,192.0,191.0,0.0,8.0,120.0,1.0,18186.343343907436,18186.343343907436,,,0.5641293658758444,,1320.0,1904,,2026-05-24T10:52:17.254420+00:00
astar_intervals,heuristic_ablation_baseline_tight_n9_s5,tight,heuristic_ablation,baseline,intervals_15_min,fixture,fixture_synthetic,ok,9,10.904501000368327,0.07698249816894531,192.0,194.0,0.0,8.0,120.0,1.0,24204.624477201487,24204.624477201487,,,0.5213818587077328,,1320.0,1905,,2026-05-24T10:52:17.797845+00:00
astar_intervals_no_heuristic,heuristic_ablation_baseline_tight_n9_s5,tight,heuristic_ablation,baseline,intervals_15_min,fixture,fixture_synthetic,ok,9,5.6854089998523705,0.0719289779663086,204.0,203.0,0.0,8.0,120.0,1.0,24204.624477201487,24204.624477201487,,,0.5213818587077328,,1320.0,1905,,2026-05-24T10:52:18.353710+00:00
astar_intervals,heuristic_ablation_baseline_tight_n9_s6,tight,heuristic_ablation,baseline,intervals_15_min,fixture,fixture_synthetic,ok,9,11.126708000119834,0.08198738098144531,181.0,189.0,0.0,8.0,120.0,1.0,28238.849866546294,28238.849866546294,,,0.5200651441551682,,1320.0,1906,,2026-05-24T10:52:18.877857+00:00
astar_intervals_no_heuristic,heuristic_ablation_baseline_tight_n9_s6,tight,heuristic_ablation,baseline,intervals_15_min,fixture,fixture_synthetic,ok,9,5.7866130000547855,0.07758235931396484,200.0,199.0,0.0,8.0,120.0,1.0,28238.849866546294,28238.849866546294,,,0.5200651441551682,,1320.0,1906,,2026-05-24T10:52:19.396247+00:00
astar_intervals,heuristic_ablation_baseline_tight_n9_s7,tight,heuristic_ablation,baseline,intervals_15_min,fixture,fixture_synthetic,ok,9,8.715219999885448,0.06827354431152344,126.0,140.0,0.0,8.0,120.0,1.0,24341.33627581109,24341.33627581109,,,0.5056742113466743,,1320.0,1907,,2026-05-24T10:52:19.917620+00:00
astar_intervals_no_heuristic,heuristic_ablation_baseline_tight_n9_s7,tight,heuristic_ablation,baseline,intervals_15_min,fixture,fixture_synthetic,ok,9,4.407062000154838,0.05875682830810547,150.0,151.0,0.0,8.0,120.0,1.0,24341.33627581109,24341.33627581109,,,0.5056742113466743,,1320.0,1907,,2026-05-24T10:52:20.447343+00:00
astar_intervals,heuristic_ablation_baseline_tight_n9_s8,tight,heuristic_ablation,baseline,intervals_15_min,fixture,fixture_synthetic,ok,9,6.20562800031621,0.05650901794433594,107.0,109.0,0.0,8.0,120.0,1.0,26591.265042578543,26591.265042578543,,,0.5562413666689984,,1320.0,1908,,2026-05-24T10:52:20.964083+00:00
astar_intervals_no_heuristic,heuristic_ablation_baseline_tight_n9_s8,tight,heuristic_ablation,baseline,intervals_15_min,fixture,fixture_synthetic,ok,9,3.4518269999352924,0.05333995819091797,115.0,114.0,0.0,8.0,120.0,1.0,26591.265042578543,26591.265042578543,,,0.5562413666689984,,1320.0,1908,,2026-05-24T10:52:21.453678+00:00
astar_intervals,heuristic_ablation_baseline_tight_n9_s9,tight,heuristic_ablation,baseline,intervals_15_min,fixture,fixture_synthetic,ok,9,10.12337199972535,0.08221244812011719,167.0,182.0,0.0,8.0,120.0,1.0,24021.792998512916,24021.792998512916,,,0.5412625358342097,,1320.0,1909,,2026-05-24T10:52:22.005215+00:00
astar_intervals_no_heuristic,heuristic_ablation_baseline_tight_n9_s9,tight,heuristic_ablation,baseline,intervals_15_min,fixture,fixture_synthetic,ok,9,5.479401999764377,0.0787649154663086,192.0,191.0,0.0,8.0,120.0,1.0,24021.792998512916,24021.792998512916,,,0.5412625358342097,,1320.0,1909,,2026-05-24T10:52:22.554509+00:00
astar_intervals,heuristic_ablation_baseline_tight_n9_s10,tight,heuristic_ablation,baseline,intervals_15_min,fixture,fixture_synthetic,ok,9,8.650717999898916,0.07618522644042969,138.0,165.0,0.0,8.0,120.0,1.0,22349.211080591966,22349.211080591966,,,0.5779732965552764,,1320.0,1910,,2026-05-24T10:52:23.056509+00:00
astar_intervals_no_heuristic,heuristic_ablation_baseline_tight_n9_s10,tight,heuristic_ablation,baseline,intervals_15_min,fixture,fixture_synthetic,ok,9,4.999883999971644,0.0750112533569336,176.0,175.0,0.0,8.0,120.0,1.0,22349.211080591966,22349.211080591966,,,0.5779732965552764,,1320.0,1910,,2026-05-24T10:52:23.575036+00:00
astar_intervals,heuristic_ablation_baseline_tight_n9_s11,tight,heuristic_ablation,baseline,intervals_15_min,fixture,fixture_synthetic,ok,9,20.276745000046503,0.08978462219238281,217.0,229.0,0.0,8.0,120.0,1.0,25451.221693698644,25451.221693698644,,,0.9526434839477216,,1320.0,1911,,2026-05-24T10:52:24.098026+00:00
astar_intervals_no_heuristic,heuristic_ablation_baseline_tight_n9_s11,tight,heuristic_ablation,baseline,intervals_15_min,fixture,fixture_synthetic,ok,9,19.316508999963844,0.08472251892089844,235.0,234.0,0.0,8.0,120.0,1.0,25451.221693698644,25451.221693698644,,,0.9526434839477216,,1320.0,1911,,2026-05-24T10:52:24.655855+00:00
astar_intervals,heuristic_ablation_baseline_relaxed_n12_s0,relaxed,heuristic_ablation,baseline,intervals_15_min,fixture,fixture_synthetic,ok,12,127.90913900016676,2.267833709716797,225.0,3990.0,0.0,11.0,495.00000000000017,1.0000000000000004,18009.087960845412,18009.087960843706,,,,,1320.0,2200,,2026-05-24T10:52:25.288242+00:00
astar_intervals_no_heuristic,heuristic_ablation_baseline_relaxed_n12_s0,relaxed,heuristic_ablation,baseline,intervals_15_min,fixture,fixture_synthetic,timeout,12,0.0,,,,,,,,,,,,,,,2200,case timed out after 60.0s (hard kill),2026-05-24T10:53:26.050457+00:00
astar_intervals,heuristic_ablation_baseline_relaxed_n12_s1,relaxed,heuristic_ablation,baseline,intervals_15_min,fixture,fixture_synthetic,ok,12,46.64286500019443,1.0034008026123047,93.0,1725.0,0.0,11.0,494.99999999999994,0.9999999999999999,13913.76271862304,13913.76271862361,,,396.59571610626335,,1320.0,2201,,2026-05-24T10:53:26.507764+00:00
astar_intervals_no_heuristic,heuristic_ablation_baseline_relaxed_n12_s1,relaxed,heuristic_ablation,baseline,intervals_15_min,fixture,fixture_synthetic,ok,12,18498.36044599988,577.7457361221313,84276.0,1014510.0,0.0,11.0,494.99999999999994,0.9999999999999999,13913.76271862304,13913.76271862361,,,396.59571610626335,,1320.0,2201,,2026-05-24T10:53:49.664927+00:00
astar_intervals,heuristic_ablation_baseline_relaxed_n12_s2,relaxed,heuristic_ablation,baseline,intervals_15_min,fixture,fixture_synthetic,ok,12,78.17074900003718,1.677229881286621,156.0,2808.0,0.0,11.0,495.00000000000006,1.0000000000000002,14943.218453616133,14943.218453615566,,,362.86056952053076,,1320.0,2202,,2026-05-24T10:53:50.314405+00:00
astar_intervals_no_heuristic,heuristic_ablation_baseline_relaxed_n12_s2,relaxed,heuristic_ablation,baseline,intervals_15_min,fixture,fixture_synthetic,ok,12,28365.08250199995,888.0658845901489,138288.0,1527861.0,0.0,11.0,495.00000000000006,1.0000000000000002,14943.218453616133,14943.218453615566,,,362.86056952053076,,1320.0,2202,,2026-05-24T10:54:25.776839+00:00
astar_intervals,heuristic_ablation_baseline_relaxed_n12_s3,relaxed,heuristic_ablation,baseline,intervals_15_min,fixture,fixture_synthetic,ok,12,75.17944999972315,1.6781902313232422,149.0,2811.0,0.0,11.0,495.0,1.0,14928.930510021366,14928.930510021366,,,322.64530383088993,,1320.0,2203,,2026-05-24T10:54:26.478516+00:00
astar_intervals_no_heuristic,heuristic_ablation_baseline_relaxed_n12_s3,relaxed,heuristic_ablation,baseline,intervals_15_min,fixture,fixture_synthetic,ok,12,24256.296486999872,737.867169380188,104231.0,1312440.0,0.0,11.0,495.0,1.0,14928.930510021366,14928.930510021366,,,322.64530383088993,,1320.0,2203,,2026-05-24T10:54:56.873286+00:00
astar_intervals,heuristic_ablation_baseline_relaxed_n12_s4,relaxed,heuristic_ablation,baseline,intervals_15_min,fixture,fixture_synthetic,ok,12,5.5369020001307945,0.12944984436035156,13.0,183.0,0.0,11.0,495.00000000000006,1.0000000000000002,14250.84488035205,14250.84488035148,,,1092.4593998335413,,1320.0,2204,,2026-05-24T10:54:57.447849+00:00
astar_intervals_no_heuristic,heuristic_ablation_baseline_relaxed_n12_s4,relaxed,heuristic_ablation,baseline,intervals_15_min,fixture,fixture_synthetic,ok,12,6048.840636000023,190.8054323196411,26907.0,342108.0,0.0,11.0,495.00000000000006,1.0000000000000002,14250.84488035205,14250.84488035148,,,1092.4593998335413,,1320.0,2204,,2026-05-24T10:55:05.342918+00:00
astar_intervals,heuristic_ablation_baseline_relaxed_n12_s5,relaxed,heuristic_ablation,baseline,intervals_15_min,fixture,fixture_synthetic,ok,12,48.60883299988927,1.0579395294189453,104.0,1836.0,0.0,11.0,495.0,1.0,14676.813122056194,14676.813122056194,,,462.97180399396024,,1320.0,2205,,2026-05-24T10:55:05.889709+00:00
astar_intervals_no_heuristic,heuristic_ablation_baseline_relaxed_n12_s5,relaxed,heuristic_ablation,baseline,intervals_15_min,fixture,fixture_synthetic,ok,12,22504.519103999883,670.1658983230591,110685.0,1193169.0,0.0,11.0,495.0,1.0,14676.813122056194,14676.813122056194,,,462.97180399396024,,1320.0,2205,,2026-05-24T10:55:34.054515+00:00
astar_intervals,heuristic_ablation_baseline_relaxed_n12_s6,relaxed,heuristic_ablation,baseline,intervals_15_min,fixture,fixture_synthetic,ok,12,56.75584400023581,1.3294620513916016,129.0,2343.0,0.0,11.0,495.00000000000006,1.0000000000000002,12916.676921887625,12916.676921887058,,,348.0462820342884,,1320.0,2206,,2026-05-24T10:55:34.720126+00:00
astar_intervals_no_heuristic,heuristic_ablation_baseline_relaxed_n12_s6,relaxed,heuristic_ablation,baseline,intervals_15_min,fixture,fixture_synthetic,ok,12,19753.66048800015,625.5134134292603,89365.0,1101177.0,0.0,11.0,495.00000000000006,1.0000000000000002,12916.676921887625,12916.676921887058,,,348.0462820342884,,1320.0,2206,,2026-05-24T10:55:59.501479+00:00
astar_intervals,heuristic_ablation_baseline_relaxed_n12_s7,relaxed,heuristic_ablation,baseline,intervals_15_min,fixture,fixture_synthetic,ok,12,41.9234740002139,1.0119609832763672,99.0,1749.0,0.0,11.0,495.0,1.0,13727.944861062484,13727.944861062484,,,374.74683977572494,,1320.0,2207,,2026-05-24T10:56:00.119965+00:00
astar_intervals_no_heuristic,heuristic_ablation_baseline_relaxed_n12_s7,relaxed,heuristic_ablation,baseline,intervals_15_min,fixture,fixture_synthetic,ok,12,15710.689393999928,485.006459236145,76045.0,843156.0,0.0,11.0,495.0,1.0,13727.944861062484,13727.944861062484,,,374.74683977572494,,1320.0,2207,,2026-05-24T10:56:19.932543+00:00
astar_intervals,heuristic_ablation_baseline_relaxed_n12_s8,relaxed,heuristic_ablation,baseline,intervals_15_min,fixture,fixture_synthetic,ok,12,33.48687300012898,0.8592205047607422,85.0,1449.0,0.0,11.0,494.99999999999994,0.9999999999999999,15277.446260843488,15277.446260844055,,,531.9601394531871,,1320.0,2208,,2026-05-24T10:56:20.487536+00:00
astar_intervals_no_heuristic,heuristic_ablation_baseline_relaxed_n12_s8,relaxed,heuristic_ablation,baseline,intervals_15_min,fixture,fixture_synthetic,ok,12,17813.68163099978,543.8480195999146,90650.0,956412.0,0.0,11.0,494.99999999999994,0.9999999999999999,15277.446260843488,15277.446260844055,,,531.9601394531871,,1320.0,2208,,2026-05-24T10:56:42.861843+00:00
astar_intervals,heuristic_ablation_baseline_relaxed_n12_s9,relaxed,heuristic_ablation,baseline,intervals_15_min,fixture,fixture_synthetic,ok,12,10.72665900028369,0.2502307891845703,26.0,405.0,0.0,11.0,494.99999999999994,0.9999999999999999,13034.978508174452,13034.97850817502,,,606.5484275977866,,1320.0,2209,,2026-05-24T10:56:43.408125+00:00
astar_intervals_no_heuristic,heuristic_ablation_baseline_relaxed_n12_s9,relaxed,heuristic_ablation,baseline,intervals_15_min,fixture,fixture_synthetic,ok,12,6506.238149999717,213.77044773101807,31280.0,354354.0,0.0,11.0,494.99999999999994,0.9999999999999999,13034.978508174452,13034.97850817502,,,606.5484275977866,,1320.0,2209,,2026-05-24T10:56:51.922151+00:00
astar_intervals,heuristic_ablation_baseline_relaxed_n12_s10,relaxed,heuristic_ablation,baseline,intervals_15_min,fixture,fixture_synthetic,ok,12,20.88686199977019,0.490325927734375,45.0,831.0,0.0,11.0,495.0,1.0,15622.863479711474,15622.863479711474,,,447.0092602279254,,1320.0,2210,,2026-05-24T10:56:52.446571+00:00
astar_intervals_no_heuristic,heuristic_ablation_baseline_relaxed_n12_s10,relaxed,heuristic_ablation,baseline,intervals_15_min,fixture,fixture_synthetic,ok,12,9336.620731000039,284.0561647415161,40868.0,500880.0,0.0,11.0,495.0,1.0,15622.863479711474,15622.863479711474,,,447.0092602279254,,1320.0,2210,,2026-05-24T10:57:04.286321+00:00
astar_intervals,heuristic_ablation_baseline_relaxed_n12_s11,relaxed,heuristic_ablation,baseline,intervals_15_min,fixture,fixture_synthetic,ok,12,22.539032999702613,0.5534324645996094,56.0,939.0,0.0,11.0,494.9999999999999,0.9999999999999998,14123.955363086216,14123.955363087352,,,651.9986797212727,,1320.0,2211,,2026-05-24T10:57:04.836337+00:00
astar_intervals_no_heuristic,heuristic_ablation_baseline_relaxed_n12_s11,relaxed,heuristic_ablation,baseline,intervals_15_min,fixture,fixture_synthetic,ok,12,14695.419758000298,445.4093027114868,68275.0,768396.0,0.0,11.0,494.9999999999999,0.9999999999999998,14123.955363086216,14123.955363087352,,,651.9986797212727,,1320.0,2211,,2026-05-24T10:57:23.201462+00:00
astar_intervals,heuristic_ablation_baseline_tight_n12_s0,tight,heuristic_ablation,baseline,intervals_15_min,fixture,fixture_synthetic,ok,12,100.06115600026533,0.3610801696777344,1072.0,1104.0,0.0,11.0,165.00000000000006,1.0000000000000004,35078.78856356161,35078.788563561044,,,0.35734352299727473,,1320.0,2200,,2026-05-24T10:57:23.829891+00:00
astar_intervals_no_heuristic,heuristic_ablation_baseline_tight_n12_s0,tight,heuristic_ablation,baseline,intervals_15_min,fixture,fixture_synthetic,ok,12,35.756206000314705,0.27468204498291016,1107.0,1107.0,0.0,11.0,165.00000000000006,1.0000000000000004,35078.78856356161,35078.788563561044,,,0.35734352299727473,,1320.0,2200,,2026-05-24T10:57:24.350790+00:00
astar_intervals,heuristic_ablation_baseline_tight_n12_s1,tight,heuristic_ablation,baseline,intervals_15_min,fixture,fixture_synthetic,ok,12,99.1337220002606,0.36533355712890625,1001.0,1071.0,0.0,11.0,165.0,1.0,30167.524744875205,30167.524744875205,,,0.35072495310556145,,1320.0,2201,,2026-05-24T10:57:24.953953+00:00
astar_intervals_no_heuristic,heuristic_ablation_baseline_tight_n12_s1,tight,heuristic_ablation,baseline,intervals_15_min,fixture,fixture_synthetic,ok,12,34.76866999972117,0.2867555618286133,1125.0,1128.0,0.0,11.0,165.0,1.0,30167.524744875205,30167.524744875205,,,0.35072495310556145,,1320.0,2201,,2026-05-24T10:57:25.484930+00:00
astar_intervals,heuristic_ablation_baseline_tight_n12_s2,tight,heuristic_ablation,baseline,intervals_15_min,fixture,fixture_synthetic,ok,12,159.2048170000453,0.545598030090332,1657.0,1685.0,0.0,11.0,165.0,1.0,35286.987027425166,35286.987027425166,,,0.4276352203591437,,1320.0,2202,,2026-05-24T10:57:26.164293+00:00
astar_intervals_no_heuristic,heuristic_ablation_baseline_tight_n12_s2,tight,heuristic_ablation,baseline,intervals_15_min,fixture,fixture_synthetic,ok,12,68.08158700005151,0.45418643951416016,1691.0,1690.0,0.0,11.0,165.0,1.0,35286.987027425166,35286.987027425166,,,0.4276352203591437,,1320.0,2202,,2026-05-24T10:57:26.733696+00:00
astar_intervals,heuristic_ablation_baseline_tight_n12_s3,tight,heuristic_ablation,baseline,intervals_15_min,fixture,fixture_synthetic,ok,12,146.80536399964694,0.6440420150756836,1810.0,1888.0,0.0,11.0,165.0,1.0,35011.75057017585,35011.75057017585,,,0.3896975453851512,,1320.0,2203,,2026-05-24T10:57:27.391077+00:00
astar_intervals_no_heuristic,heuristic_ablation_baseline_tight_n12_s3,tight,heuristic_ablation,baseline,intervals_15_min,fixture,fixture_synthetic,ok,12,57.20969000003606,0.5111465454101562,1895.0,1894.0,0.0,11.0,165.0,1.0,35011.75057017585,35011.75057017585,,,0.3896975453851512,,1320.0,2203,,2026-05-24T10:57:27.924218+00:00
astar_intervals,heuristic_ablation_baseline_tight_n12_s4,tight,heuristic_ablation,baseline,intervals_15_min,fixture,fixture_synthetic,ok,12,89.46906900018803,0.3319559097290039,896.0,929.0,0.0,11.0,165.00000000000006,1.0000000000000004,32666.526037900894,32666.526037900327,,,0.3308493352009624,,1320.0,2204,,2026-05-24T10:57:28.519405+00:00
astar_intervals_no_heuristic,heuristic_ablation_baseline_tight_n12_s4,tight,heuristic_ablation,baseline,intervals_15_min,fixture,fixture_synthetic,ok,12,29.60078199976124,0.26998233795166016,943.0,943.0,0.0,11.0,165.00000000000006,1.0000000000000004,32666.526037900894,32666.526037900327,,,0.3308493352009624,,1320.0,2204,,2026-05-24T10:57:29.080242+00:00
astar_intervals,heuristic_ablation_baseline_tight_n12_s5,tight,heuristic_ablation,baseline,intervals_15_min,fixture,fixture_synthetic,ok,12,92.47237799991126,0.3318643569946289,1031.0,1070.0,0.0,11.0,165.0,1.0,30217.311146486434,30217.311146486434,,,0.36746490936009985,,1320.0,2205,,2026-05-24T10:57:29.647581+00:00
astar_intervals_no_heuristic,heuristic_ablation_baseline_tight_n12_s5,tight,heuristic_ablation,baseline,intervals_15_min,fixture,fixture_synthetic,ok,12,33.98035400005028,0.2876443862915039,1077.0,1077.0,0.0,11.0,165.0,1.0,30217.311146486434,30217.311146486434,,,0.36746490936009985,,1320.0,2205,,2026-05-24T10:57:30.173936+00:00
astar_intervals,heuristic_ablation_baseline_tight_n12_s6,tight,heuristic_ablation,baseline,intervals_15_min,fixture,fixture_synthetic,ok,12,166.46914300008575,0.5551176071166992,1602.0,1635.0,0.0,11.0,165.00000000000006,1.0000000000000004,32892.922722973715,32892.92272297315,,,0.40393781567240106,,1320.0,2206,,2026-05-24T10:57:30.841277+00:00
astar_intervals_no_heuristic,heuristic_ablation_baseline_tight_n12_s6,tight,heuristic_ablation,baseline,intervals_15_min,fixture,fixture_synthetic,ok,12,67.24318200031121,0.43143177032470703,1663.0,1666.0,0.0,11.0,165.00000000000006,1.0000000000000004,32892.922722973715,32892.92272297315,,,0.40393781567240106,,1320.0,2206,,2026-05-24T10:57:31.394557+00:00
astar_intervals,heuristic_ablation_baseline_tight_n12_s7,tight,heuristic_ablation,baseline,intervals_15_min,fixture,fixture_synthetic,ok,12,83.62358499971378,0.3427553176879883,994.0,1001.0,0.0,11.0,165.0,1.0,37174.5679168839,37174.5679168839,,,0.3785315829265172,,1320.0,2207,,2026-05-24T10:57:31.973165+00:00
astar_intervals_no_heuristic,heuristic_ablation_baseline_tight_n12_s7,tight,heuristic_ablation,baseline,intervals_15_min,fixture,fixture_synthetic,ok,12,31.654167999931815,0.26900577545166016,1014.0,1013.0,0.0,11.0,165.0,1.0,37174.5679168839,37174.5679168839,,,0.3785315829265172,,1320.0,2207,,2026-05-24T10:57:32.488092+00:00
astar_intervals,heuristic_ablation_baseline_tight_n12_s8,tight,heuristic_ablation,baseline,intervals_15_min,fixture,fixture_synthetic,ok,12,86.67649800008803,0.36272525787353516,1182.0,1204.0,0.0,11.0,165.0,1.0,36901.31645216531,36901.31645216531,,,0.6946602872688977,,1320.0,2208,,2026-05-24T10:57:33.070110+00:00
astar_intervals_no_heuristic,heuristic_ablation_baseline_tight_n12_s8,tight,heuristic_ablation,baseline,intervals_15_min,fixture,fixture_synthetic,ok,12,60.21072100020319,0.30361270904541016,1208.0,1208.0,0.0,11.0,165.0,1.0,36901.31645216531,36901.31645216531,,,0.6946602872688977,,1320.0,2208,,2026-05-24T10:57:33.626140+00:00
astar_intervals,heuristic_ablation_baseline_tight_n12_s9,tight,heuristic_ablation,baseline,intervals_15_min,fixture,fixture_synthetic,ok,12,58.1643460000123,0.2708444595336914,645.0,699.0,0.0,11.0,165.0,1.0,31156.569994591777,31156.569994591777,,,0.38906884639790595,,1320.0,2209,,2026-05-24T10:57:34.165593+00:00
astar_intervals_no_heuristic,heuristic_ablation_baseline_tight_n12_s9,tight,heuristic_ablation,baseline,intervals_15_min,fixture,fixture_synthetic,ok,12,22.62993499971344,0.2340402603149414,714.0,713.0,0.0,11.0,165.0,1.0,31156.569994591777,31156.569994591777,,,0.38906884639790595,,1320.0,2209,,2026-05-24T10:57:34.667963+00:00
astar_intervals,heuristic_ablation_baseline_tight_n12_s10,tight,heuristic_ablation,baseline,intervals_15_min,fixture,fixture_synthetic,ok,12,174.1286249998666,0.38164234161376953,1270.0,1289.0,0.0,11.0,165.0,1.0,43819.5087888963,43819.5087888963,,,0.23477419637348038,,1320.0,2210,,2026-05-24T10:57:35.389814+00:00
astar_intervals_no_heuristic,heuristic_ablation_baseline_tight_n12_s10,tight,heuristic_ablation,baseline,intervals_15_min,fixture,fixture_synthetic,ok,12,40.8809079999628,0.3371391296386719,1299.0,1298.0,0.0,11.0,165.0,1.0,43819.5087888963,43819.5087888963,,,0.23477419637348038,,1320.0,2210,,2026-05-24T10:57:35.915188+00:00
astar_intervals,heuristic_ablation_baseline_tight_n12_s11,tight,heuristic_ablation,baseline,intervals_15_min,fixture,fixture_synthetic,ok,12,111.16490199992768,0.2725954055786133,838.0,846.0,0.0,11.0,165.0,1.0,33281.77829476691,33281.77829476691,,,0.24441440159136854,,1320.0,2211,,2026-05-24T10:57:36.549443+00:00
astar_intervals_no_heuristic,heuristic_ablation_baseline_tight_n12_s11,tight,heuristic_ablation,baseline,intervals_15_min,fixture,fixture_synthetic,ok,12,27.170303000275453,0.26131534576416016,857.0,856.0,0.0,11.0,165.0,1.0,33281.77829476691,33281.77829476691,,,0.24441440159136854,,1320.0,2211,,2026-05-24T10:57:37.097901+00:00
